-- phpMyAdmin SQL Dump
-- version 4.6.5.2
-- https://www.phpmyadmin.net/
--
-- Host: localhost
-- Generation Time: Jun 10, 2017 at 03:36 
-- Server version: 10.1.21-MariaDB
-- PHP Version: 5.6.30

SET SQL_MODE = "NO_AUTO_VALUE_ON_ZERO";
SET time_zone = "+00:00";


/*!40101 SET @OLD_CHARACTER_SET_CLIENT=@@CHARACTER_SET_CLIENT */;
/*!40101 SET @OLD_CHARACTER_SET_RESULTS=@@CHARACTER_SET_RESULTS */;
/*!40101 SET @OLD_COLLATION_CONNECTION=@@COLLATION_CONNECTION */;
/*!40101 SET NAMES utf8mb4 */;

--
-- Database: `laragraphql`
--

-- --------------------------------------------------------

--
-- Table structure for table `migrations`
--

CREATE TABLE `migrations` (
  `id` int(10) UNSIGNED NOT NULL,
  `migration` varchar(191) COLLATE utf8mb4_unicode_ci NOT NULL,
  `batch` int(11) NOT NULL
) ENGINE=InnoDB DEFAULT CHARSET=utf8mb4 COLLATE=utf8mb4_unicode_ci;

--
-- Dumping data for table `migrations`
--

INSERT INTO `migrations` (`id`, `migration`, `batch`) VALUES
(1, '2014_10_12_000000_create_users_table', 1),
(2, '2014_10_12_100000_create_password_resets_table', 1),
(3, '2017_04_25_070923_create_user_profiles_table', 1),
(4, '2017_04_25_070952_create_products_table', 1),
(5, '2017_04_25_071003_create_product_images_table', 1);

-- --------------------------------------------------------

--
-- Table structure for table `password_resets`
--

CREATE TABLE `password_resets` (
  `email` varchar(191) COLLATE utf8mb4_unicode_ci NOT NULL,
  `token` varchar(191) COLLATE utf8mb4_unicode_ci NOT NULL,
  `created_at` timestamp NULL DEFAULT NULL
) ENGINE=InnoDB DEFAULT CHARSET=utf8mb4 COLLATE=utf8mb4_unicode_ci;

-- --------------------------------------------------------

--
-- Table structure for table `products`
--

CREATE TABLE `products` (
  `id` int(10) UNSIGNED NOT NULL,
  `title` varchar(191) COLLATE utf8mb4_unicode_ci NOT NULL,
  `user_id` int(10) UNSIGNED NOT NULL,
  `price` int(11) NOT NULL,
  `description` text COLLATE utf8mb4_unicode_ci NOT NULL,
  `created_at` timestamp NULL DEFAULT NULL,
  `updated_at` timestamp NULL DEFAULT NULL
) ENGINE=InnoDB DEFAULT CHARSET=utf8mb4 COLLATE=utf8mb4_unicode_ci;

--
-- Dumping data for table `products`
--

INSERT INTO `products` (`id`, `title`, `user_id`, `price`, `description`, `created_at`, `updated_at`) VALUES
(1, 'bags', 45, 3126, 'Nisi nobis laudantium eos eos voluptatem odit. Deleniti asperiores ut consequuntur perspiciatis incidunt. Quod illo ullam a neque ullam quod.', '2017-06-03 21:22:44', '2017-06-03 21:22:44'),
(2, 'tools', 71, 3620, 'Ut dolore est nulla eaque corrupti repellat beatae illum. Esse tempore sapiente perspiciatis molestias tenetur. Blanditiis et nam dolor quisquam.', '2017-06-03 21:23:30', '2017-06-03 21:23:30'),
(3, 'apparel', 27, 2051, 'Quisquam neque qui dolores facilis accusantium. Quaerat sint quos tempore fuga autem a. Voluptatem harum nisi provident cupiditate animi iusto.', '2017-06-03 21:23:30', '2017-06-03 21:23:30'),
(4, 'tools', 2, 1775, 'Iste ea rerum distinctio sit quaerat. Iure occaecati voluptatibus aspernatur optio. Eos amet hic deserunt voluptas praesentium iste. Dolorem quia occaecati architecto nulla velit ad.', '2017-06-03 21:23:30', '2017-06-03 21:23:30'),
(5, 'bags', 60, 4983, 'Aut sequi blanditiis id. Aliquid cum quo rerum earum non. Consequatur aut qui sint et voluptas.', '2017-06-03 21:23:30', '2017-06-03 21:23:30'),
(6, 'jewellery', 29, 1271, 'Numquam autem dignissimos porro cumque dolorem. Doloremque enim qui rerum consequatur. Ipsa et ipsa eum iusto culpa.', '2017-06-03 21:23:30', '2017-06-03 21:23:30'),
(7, 'shoes', 59, 3942, 'Error aut beatae nesciunt sint. Facere veniam doloremque molestias aut. Nostrum velit ea qui placeat praesentium molestias dolor.', '2017-06-03 21:23:30', '2017-06-03 21:23:30'),
(8, 'timepiece', 61, 4941, 'Ut est voluptatem modi ut fugit sed ipsa est. Et voluptate occaecati commodi culpa voluptas quisquam. Maxime illum odio minus placeat quo.', '2017-06-03 21:23:30', '2017-06-03 21:23:30'),
(9, 'apparel', 72, 2479, 'Ducimus eos tempore suscipit est. Voluptas enim quos debitis voluptatibus sit. Facilis aut esse quia consectetur dolores quod. Rem natus enim quo enim modi.', '2017-06-03 21:23:30', '2017-06-03 21:23:30'),
(10, 'apparel', 24, 2696, 'Non cumque molestias aut quia et suscipit. Pariatur dolorum sunt aliquam odit suscipit molestiae. Aut repellat illo ea atque eos hic atque qui.', '2017-06-03 21:23:30', '2017-06-03 21:23:30'),
(11, 'bags', 12, 3031, 'Officiis distinctio a explicabo nobis. Non maiores fuga rerum modi nam consequatur. Officiis nam facere et exercitationem porro sunt magni. Laudantium voluptas aut quia qui.', '2017-06-03 21:23:30', '2017-06-03 21:23:30'),
(12, 'bags', 2, 1617, 'Aut quia dolorem eum placeat. Culpa voluptatem quis dolorum nemo ea voluptas. Minima minus perferendis sequi consequuntur saepe rerum et. Sit sequi aut est ipsa.', '2017-06-03 21:23:30', '2017-06-03 21:23:30'),
(13, 'accessories', 42, 3517, 'Quasi occaecati exercitationem provident et aperiam omnis. Saepe nesciunt ipsam dicta repellat vel sunt. Nemo quas deserunt molestiae est soluta.', '2017-06-03 21:23:30', '2017-06-03 21:23:30'),
(14, 'bags', 10, 3887, 'Quia culpa ipsam aut nesciunt non. Ex magni suscipit aut assumenda id eaque. Fugit explicabo aspernatur ut ipsum nobis. Quia aut in doloribus tenetur.', '2017-06-03 21:23:30', '2017-06-03 21:23:30'),
(15, 'timepiece', 93, 3769, 'Omnis explicabo qui totam alias sed. Perferendis consectetur est sit tempore ut. A et commodi est soluta possimus veniam velit. Facere non repellat totam iure.', '2017-06-03 21:23:31', '2017-06-03 21:23:31'),
(16, 'bags', 88, 3127, 'Similique a et fugiat et soluta. Laudantium ipsum eligendi sit ut soluta velit nobis et.\nRerum impedit quo veritatis excepturi omnis veniam at. Ut voluptatem laborum quo sunt.', '2017-06-03 21:23:31', '2017-06-03 21:23:31'),
(17, 'tools', 68, 3370, 'Quo velit odit suscipit perspiciatis. Sed et facilis ut omnis qui. Id accusantium in nisi laborum facere voluptates. Et porro iure debitis non aut dicta.', '2017-06-03 21:23:31', '2017-06-03 21:23:31'),
(18, 'apparel', 6, 4656, 'Optio sed excepturi in qui. Exercitationem quis necessitatibus minus fuga iure non porro. Ut aut odit ab aut ut voluptatem vitae.', '2017-06-03 21:23:31', '2017-06-03 21:23:31'),
(19, 'jewellery', 34, 1771, 'Quia eaque iste laborum delectus rerum laborum. Error earum fugiat magnam ipsum sunt quod est explicabo. Dolores veniam maxime quos ab velit nam odit.', '2017-06-03 21:23:31', '2017-06-03 21:23:31'),
(20, 'jewellery', 40, 2492, 'Aut delectus quasi hic tenetur. Facilis accusamus eaque omnis beatae. Vel officia cupiditate saepe ut aut distinctio nesciunt voluptas. Omnis rerum nobis voluptate culpa saepe iste.', '2017-06-03 21:23:31', '2017-06-03 21:23:31'),
(21, 'apparel', 3, 4310, 'Fugit atque ea mollitia nesciunt totam ut esse. Odit et voluptatem accusamus. Provident ab vel non eveniet. Aperiam cum aut eligendi sunt.', '2017-06-03 21:23:31', '2017-06-03 21:23:31'),
(22, 'timepiece', 14, 1564, 'Dignissimos eos repudiandae sint. Esse ut officiis quis. Ut illum ullam impedit sapiente nulla nesciunt. Aut aliquid doloremque quia est fugit. A quam sit deleniti quia.', '2017-06-03 21:23:31', '2017-06-03 21:23:31'),
(23, 'shoes', 0, 1277, 'Aspernatur nostrum sit soluta voluptatem ut. Officiis sint praesentium rem est ratione excepturi qui sit. Aut aliquid repellendus vel cupiditate. Maxime ut eligendi saepe dignissimos et.', '2017-06-03 21:23:31', '2017-06-03 21:23:31'),
(24, 'bags', 25, 4503, 'Officia animi facilis explicabo ab ullam sit. Dolore tenetur ab debitis illum repellendus. Beatae nam earum numquam tenetur iste rem.', '2017-06-03 21:23:31', '2017-06-03 21:23:31'),
(25, 'timepiece', 43, 4722, 'Non ad accusantium totam sit cupiditate. Ut rerum aliquam natus minus voluptatem. Dolores laboriosam distinctio quia aliquam vitae est aliquid doloremque. Rerum odit et dolor corrupti et in magnam.', '2017-06-03 21:23:31', '2017-06-03 21:23:31'),
(26, 'shoes', 19, 2987, 'Aut facilis quis mollitia pariatur. Officiis alias natus pariatur voluptatem sunt pariatur ducimus. Velit id voluptates tempora consequuntur quisquam temporibus quaerat.', '2017-06-03 21:23:31', '2017-06-03 21:23:31'),
(27, 'bags', 39, 3131, 'Deleniti expedita et sapiente modi eos. Cupiditate ut ea est voluptate ea error. Aut unde qui illo adipisci voluptate illum autem eveniet.', '2017-06-03 21:23:31', '2017-06-03 21:23:31'),
(28, 'tools', 53, 4162, 'Ducimus consequatur reiciendis cupiditate commodi magni. Quia maiores ducimus cupiditate perferendis.', '2017-06-03 21:23:31', '2017-06-03 21:23:31'),
(29, 'bags', 61, 3292, 'Deleniti vitae quod accusamus provident soluta quasi aut. Aut id quisquam et nihil nulla. Vel vel similique veritatis quaerat exercitationem. Est quis maxime sit omnis quaerat id optio.', '2017-06-03 21:23:31', '2017-06-03 21:23:31'),
(30, 'bags', 17, 4015, 'Culpa aut repellat eaque at perspiciatis et ad quia. Beatae veniam hic architecto cumque. Aut nihil vitae voluptates sunt.', '2017-06-03 21:23:31', '2017-06-03 21:23:31'),
(31, 'shoes', 5, 1690, 'Eius sit magnam sit et laboriosam enim itaque. Vero provident at facere quo et illum. Aspernatur quod culpa neque omnis minus quibusdam voluptas.', '2017-06-03 21:23:32', '2017-06-03 21:23:32'),
(32, 'apparel', 93, 2254, 'Earum et vitae alias eum aut ex. Dolor quos voluptatem nihil.', '2017-06-03 21:23:32', '2017-06-03 21:23:32'),
(33, 'accessories', 0, 2424, 'Occaecati fuga soluta hic molestiae est eius. Sunt voluptatibus hic ut cupiditate pariatur. Quod architecto natus voluptatum et cupiditate velit ut.', '2017-06-03 21:23:32', '2017-06-03 21:23:32'),
(34, 'shoes', 35, 1760, 'Nesciunt nisi et quasi suscipit. Quis veritatis dignissimos est illum eligendi et voluptas. Eos velit quo optio quibusdam voluptatibus et deleniti.', '2017-06-03 21:23:32', '2017-06-03 21:23:32'),
(35, 'shoes', 58, 3969, 'Doloribus eos dolore omnis voluptatem velit quasi eum. Impedit reiciendis mollitia nihil. Odio et nisi error. Quia perspiciatis itaque cumque perferendis.', '2017-06-03 21:23:32', '2017-06-03 21:23:32'),
(36, 'timepiece', 54, 1450, 'Perferendis perferendis laborum qui placeat enim ea suscipit. Quo enim veritatis culpa dignissimos. Incidunt aliquam illo provident ipsa quibusdam enim. Repudiandae sunt eligendi et.', '2017-06-03 21:23:32', '2017-06-03 21:23:32'),
(37, 'bags', 32, 1574, 'Vitae delectus perferendis voluptatem. Dolor ut soluta quae ea. Cumque quasi exercitationem id at sunt voluptas adipisci.', '2017-06-03 21:23:32', '2017-06-03 21:23:32'),
(38, 'tools', 95, 2958, 'Magni optio numquam ex voluptatibus suscipit beatae. Quibusdam numquam recusandae ut. Autem sed vel facere ad. Soluta est in dicta enim.', '2017-06-03 21:23:32', '2017-06-03 21:23:32'),
(39, 'bags', 14, 1020, 'Dolorem in voluptatem itaque corrupti iusto sit atque. Perferendis modi impedit quo quos mollitia odit quasi. A magnam sunt vero illum voluptatum quia voluptates maxime.', '2017-06-03 21:23:32', '2017-06-03 21:23:32'),
(40, 'jewellery', 22, 1284, 'Hic minima libero est dolores aut. Odit et quidem eos nihil reiciendis.', '2017-06-03 21:23:32', '2017-06-03 21:23:32'),
(41, 'jewellery', 65, 1914, 'Dolorem facilis occaecati quia autem omnis. Perspiciatis suscipit odit et qui repudiandae eos. Voluptatum maxime perferendis quos quis. Autem numquam qui doloremque aut modi veniam dolor.', '2017-06-03 21:23:32', '2017-06-03 21:23:32'),
(42, 'jewellery', 83, 1014, 'Ut nobis aliquid sit. Voluptatem ut voluptatem quas sed doloremque. Doloribus deserunt nihil voluptates sit. Sapiente unde mollitia qui nam rerum omnis.', '2017-06-03 21:23:32', '2017-06-03 21:23:32'),
(43, 'shoes', 77, 2605, 'Totam at laborum quia laboriosam qui debitis. Vero veritatis laborum velit quo. Ipsum nihil rerum aut iure minima.', '2017-06-03 21:23:32', '2017-06-03 21:23:32'),
(44, 'timepiece', 43, 2226, 'Fuga iusto dolorum perspiciatis cum vitae voluptatibus repellat nobis. Ipsum et omnis est. Excepturi ut doloribus ea officiis libero quia. Reiciendis voluptas non dolorum delectus.', '2017-06-03 21:23:33', '2017-06-03 21:23:33'),
(45, 'timepiece', 60, 3982, 'Ut quasi doloribus eius aut eligendi. Qui sapiente distinctio sed delectus eligendi rerum. Qui suscipit consectetur animi quibusdam dolore aut cum amet.', '2017-06-03 21:23:33', '2017-06-03 21:23:33'),
(46, 'accessories', 6, 3183, 'Mollitia perspiciatis saepe ad magni tempora tempore ab sit. Delectus deleniti reiciendis qui quis quia. Eveniet at at dolores quasi rerum quo quo.', '2017-06-03 21:23:33', '2017-06-03 21:23:33'),
(47, 'timepiece', 61, 1848, 'Iure quae eligendi est libero dolores occaecati laborum. Voluptatem perferendis alias id. Voluptate aut eaque facilis a iste et.', '2017-06-03 21:23:33', '2017-06-03 21:23:33'),
(48, 'accessories', 43, 4339, 'Praesentium labore voluptates et et atque. Officiis non est quam alias est nemo. Fugit dolorem est vero dolor. Ipsum molestias eius aut et.', '2017-06-03 21:23:33', '2017-06-03 21:23:33'),
(49, 'apparel', 100, 1329, 'Perferendis enim consectetur tempore. Harum voluptate voluptatum facilis voluptatum. Qui similique expedita sit et quia eum.', '2017-06-03 21:23:33', '2017-06-03 21:23:33'),
(50, 'apparel', 62, 4251, 'Architecto tempore quod recusandae eum. Doloremque vel maiores deserunt deserunt. Quaerat omnis nobis commodi laboriosam nihil harum.', '2017-06-03 21:23:33', '2017-06-03 21:23:33'),
(51, 'accessories', 11, 2573, 'Fugit et velit omnis dolore. Libero id dolores id sint. Itaque quis numquam et. Nulla commodi labore dolorum quia est. Aut consequatur rerum deserunt ullam.', '2017-06-03 21:23:33', '2017-06-03 21:23:33'),
(52, 'bags', 93, 3155, 'Earum sint quas animi nesciunt inventore odio. Non voluptas illo magni unde. Voluptatem eum aliquam ipsam et consequatur pariatur alias. Omnis a odio ut facere vel doloribus non.', '2017-06-03 21:23:33', '2017-06-03 21:23:33'),
(53, 'accessories', 50, 3103, 'Ut eveniet aut et accusamus impedit quis magni eius. Blanditiis reprehenderit aperiam nesciunt harum.', '2017-06-03 21:23:33', '2017-06-03 21:23:33'),
(54, 'apparel', 42, 3260, 'Voluptatem autem numquam minima. Aut minima molestiae ut nisi.', '2017-06-03 21:23:33', '2017-06-03 21:23:33'),
(55, 'shoes', 49, 1095, 'Necessitatibus voluptas voluptas sit autem. Eos expedita voluptatem officiis ut corporis eum. Aut impedit aut dolor.', '2017-06-03 21:23:33', '2017-06-03 21:23:33'),
(56, 'tools', 77, 4696, 'Qui saepe et est voluptas quia. Tempora qui unde sapiente voluptas sit. Fuga odit aut numquam consequatur illo qui. Quam qui error culpa adipisci nobis ab nostrum quia.', '2017-06-03 21:23:33', '2017-06-03 21:23:33'),
(57, 'apparel', 40, 4047, 'Aut eius temporibus rerum aliquid. Reiciendis dolorem molestiae sint maiores. Voluptatem soluta ea dolorem ipsa.', '2017-06-03 21:23:33', '2017-06-03 21:23:33'),
(58, 'bags', 93, 1106, 'Sed aut est ut consequatur. Et nostrum nulla ea et in officia nobis voluptas. Et eius cupiditate non nihil eum.', '2017-06-03 21:23:33', '2017-06-03 21:23:33'),
(59, 'jewellery', 52, 1137, 'Quae occaecati voluptas fuga laboriosam sit. Temporibus quas minus qui soluta.', '2017-06-03 21:23:34', '2017-06-03 21:23:34'),
(60, 'bags', 27, 2771, 'Qui occaecati vel voluptatibus iusto illum aut maiores. Quaerat perferendis sapiente illum. Id asperiores occaecati consequuntur et.', '2017-06-03 21:23:34', '2017-06-03 21:23:34'),
(61, 'tools', 38, 4069, 'Eos est totam ipsam enim. Dignissimos est tempora quia nobis quam. Corporis aut iure et qui ex doloremque.', '2017-06-03 21:23:34', '2017-06-03 21:23:34'),
(62, 'jewellery', 66, 4171, 'Cum ut quis ex. Eligendi eaque qui possimus dolore ipsa magnam et. Voluptatibus iure deleniti blanditiis. Beatae modi ut aut in necessitatibus. Molestiae et aut tempore est ullam nihil eius eveniet.', '2017-06-03 21:23:34', '2017-06-03 21:23:34'),
(63, 'shoes', 17, 1617, 'Tempore quia animi placeat. Minima tempora commodi ut consequatur ducimus quaerat. Cum doloribus libero voluptas nesciunt quia est.', '2017-06-03 21:23:34', '2017-06-03 21:23:34'),
(64, 'apparel', 60, 4765, 'Alias possimus aut molestiae natus quia sit ex. Sunt eos velit at non nihil eos. Minima sit est nobis eligendi. Dolores officia ut quis ut.', '2017-06-03 21:23:34', '2017-06-03 21:23:34'),
(65, 'bags', 17, 4998, 'Est ea repellat nihil vel voluptas facilis. Dicta reiciendis ut dolor et. Dicta voluptas iure quod est autem ipsam temporibus. Labore mollitia quos neque aspernatur.', '2017-06-03 21:23:34', '2017-06-03 21:23:34'),
(66, 'apparel', 6, 1404, 'Ipsam molestiae fuga corporis. Enim pariatur deserunt consequuntur alias. Voluptatem sapiente blanditiis dolore ut saepe magnam aut pariatur. Commodi recusandae illo eos placeat iste quod.', '2017-06-03 21:23:34', '2017-06-03 21:23:34'),
(67, 'apparel', 57, 3324, 'Nobis magnam suscipit sunt autem aut minima. Sint vel pariatur expedita voluptatem in perspiciatis. Qui eaque reprehenderit aut.', '2017-06-03 21:23:34', '2017-06-03 21:23:34'),
(68, 'apparel', 57, 4342, 'Sequi et dolores voluptatum qui est consectetur. At iusto facere dolore. Et exercitationem hic adipisci ut ipsam. Pariatur neque quo et ut rerum. Numquam odio tempore illo qui molestiae.', '2017-06-03 21:23:34', '2017-06-03 21:23:34'),
(69, 'bags', 3, 4769, 'Occaecati rem est labore quo numquam iste. Aliquid et quas quia et. Voluptatibus fugit molestiae est eum.', '2017-06-03 21:23:34', '2017-06-03 21:23:34'),
(70, 'shoes', 4, 3777, 'Quia mollitia aut dicta reprehenderit quis laboriosam. Voluptatibus eum omnis quos adipisci. Et quia est porro natus sed quaerat placeat.', '2017-06-03 21:23:34', '2017-06-03 21:23:34'),
(71, 'shoes', 22, 1857, 'Eum magni deserunt ducimus. Delectus quos laudantium fugiat voluptatem consectetur ut. Et maiores voluptatem voluptas non sed.', '2017-06-03 21:23:34', '2017-06-03 21:23:34'),
(72, 'accessories', 1, 4289, 'Optio necessitatibus labore voluptas repudiandae aut natus qui. Et aut et temporibus perferendis. Libero beatae ipsam illo saepe. Laborum quia illum ut.', '2017-06-03 21:23:34', '2017-06-03 21:23:34'),
(73, 'shoes', 13, 1753, 'Distinctio enim laborum voluptatum magni. Et est aut doloribus hic quia sunt. Deserunt repudiandae quia labore voluptate libero. Numquam eum sit dignissimos dolore itaque.', '2017-06-03 21:23:34', '2017-06-03 21:23:34'),
(74, 'jewellery', 29, 1800, 'Delectus est in quidem ratione. Et assumenda dignissimos itaque distinctio harum adipisci eum corporis. Nihil aut officia asperiores provident. Et esse ut magni.', '2017-06-03 21:23:34', '2017-06-03 21:23:34'),
(75, 'shoes', 13, 4438, 'Nobis at aut omnis. Laborum ullam error rem culpa excepturi. Fuga vel veritatis accusamus.', '2017-06-03 21:23:35', '2017-06-03 21:23:35'),
(76, 'bags', 80, 3798, 'Cum voluptatem consequatur perferendis ea. Eos rerum nam molestiae voluptatum sequi. Autem culpa cupiditate voluptas. Delectus ipsum laudantium et facere deleniti.', '2017-06-03 21:23:35', '2017-06-03 21:23:35'),
(77, 'bags', 23, 4314, 'Sit optio maxime tempora sint rerum. Eum distinctio aperiam unde nihil laudantium. Dolor enim qui atque ut repellendus non.', '2017-06-03 21:23:35', '2017-06-03 21:23:35'),
(78, 'timepiece', 93, 2107, 'Aliquam quisquam hic delectus explicabo. Nesciunt quo doloremque vitae modi error fugiat dolorem. Dicta veniam tempore ad qui qui.', '2017-06-03 21:23:35', '2017-06-03 21:23:35'),
(79, 'timepiece', 30, 1614, 'Sequi sunt molestias similique nisi velit similique temporibus. Minima eos dicta id aspernatur excepturi eos itaque. Sint quidem sit sit vel quidem. Nesciunt voluptates odio consectetur.', '2017-06-03 21:23:35', '2017-06-03 21:23:35'),
(80, 'tools', 50, 2237, 'Iure corrupti deserunt non tenetur quaerat. Praesentium consectetur qui sed soluta. Exercitationem porro dolorem voluptatibus non veritatis voluptate.', '2017-06-03 21:23:35', '2017-06-03 21:23:35'),
(81, 'timepiece', 65, 3559, 'Fugit et beatae ut tempore consectetur omnis et. Dolore necessitatibus et rerum aut quas laborum dolorum odio. Aliquid qui unde tenetur et est voluptas. Quos labore id consequatur inventore sed.', '2017-06-03 21:23:35', '2017-06-03 21:23:35'),
(82, 'shoes', 21, 4757, 'Veritatis in facilis libero deleniti ut atque voluptatibus. Animi sequi assumenda quo eius ut. Dolorem ut tenetur adipisci consequatur. Unde dolorem officia et totam.', '2017-06-03 21:23:35', '2017-06-03 21:23:35'),
(83, 'shoes', 42, 2382, 'Aliquid omnis praesentium incidunt est voluptas doloribus. Nisi qui totam optio ea et consequatur dolor. Dicta consectetur enim ratione facilis quas nam. Et magni distinctio officia vel.', '2017-06-03 21:23:35', '2017-06-03 21:23:35'),
(84, 'apparel', 79, 1887, 'Voluptate cum placeat voluptate accusantium possimus. Molestiae eaque distinctio distinctio saepe iure maxime neque. Amet hic distinctio aut quae.', '2017-06-03 21:23:35', '2017-06-03 21:23:35'),
(85, 'apparel', 6, 1093, 'Aut excepturi architecto qui reiciendis et. Accusantium cum saepe eligendi.', '2017-06-03 21:23:35', '2017-06-03 21:23:35'),
(86, 'jewellery', 95, 4962, 'Molestias perspiciatis saepe repellat. Atque corporis et esse vero ullam. Nostrum magnam modi et totam quas aut. Dolore eius sunt quas a non nostrum hic.', '2017-06-03 21:23:35', '2017-06-03 21:23:35'),
(87, 'accessories', 44, 1966, 'Impedit porro ipsa eos ipsa. Sapiente et mollitia sit qui itaque rerum non optio. Neque qui numquam delectus voluptas aliquid.', '2017-06-03 21:23:35', '2017-06-03 21:23:35'),
(88, 'timepiece', 92, 4773, 'Quis dignissimos animi rerum et. Id id id dolor earum facere eum voluptatum minus. Sint a omnis cupiditate repellendus. Voluptas ullam aspernatur aperiam fugit ea non.', '2017-06-03 21:23:35', '2017-06-03 21:23:35'),
(89, 'bags', 84, 3252, 'Id est magni et est. Unde et neque dolorem voluptas et voluptatem. Tempore tenetur eius nihil officia est sunt sapiente. Sequi sit ullam quam aperiam.', '2017-06-03 21:23:35', '2017-06-03 21:23:35'),
(90, 'timepiece', 4, 1188, 'Ea molestias qui deserunt. Sapiente libero molestiae qui doloremque nulla libero. Odio omnis aut libero sequi voluptas. Dolorem veniam voluptate et ratione saepe doloremque.', '2017-06-03 21:23:35', '2017-06-03 21:23:35'),
(91, 'jewellery', 80, 2876, 'Quam nihil delectus distinctio. Soluta consequuntur sit non corporis facere. Beatae omnis et et dolores.', '2017-06-03 21:23:35', '2017-06-03 21:23:35'),
(92, 'bags', 12, 3339, 'Modi autem non quod. Quia et eligendi asperiores debitis ex. Expedita cumque minima dolores quia libero aut.', '2017-06-03 21:23:36', '2017-06-03 21:23:36'),
(93, 'bags', 31, 1746, 'Harum iure dolores tenetur officiis quia. Minus sit qui officia. Veniam aliquid accusantium porro qui consequatur. Quia officia voluptas quos velit autem omnis tempora. Qui dolor architecto et modi.', '2017-06-03 21:23:36', '2017-06-03 21:23:36'),
(94, 'accessories', 70, 2031, 'Error ullam est incidunt et voluptas distinctio quia assumenda. Soluta ut aut non pariatur odit quam. Odit voluptatem magni a perspiciatis. Occaecati est aperiam nobis.', '2017-06-03 21:23:36', '2017-06-03 21:23:36'),
(95, 'timepiece', 44, 1552, 'Animi error iure delectus veniam et. Sint est blanditiis amet magni commodi ut nesciunt. In et illo molestias animi nobis.', '2017-06-03 21:23:36', '2017-06-03 21:23:36'),
(96, 'apparel', 9, 2434, 'Reiciendis et vitae quis illo nihil. In et aperiam dolores earum. Exercitationem corporis illo qui quia consequatur unde. Deserunt aut esse quo.', '2017-06-03 21:23:36', '2017-06-03 21:23:36'),
(97, 'tools', 8, 4736, 'Hic deserunt labore et. Aut cumque eos ut rerum. Iste odit perspiciatis magni excepturi hic qui. Eaque officia quo voluptatem.', '2017-06-03 21:23:36', '2017-06-03 21:23:36'),
(98, 'tools', 73, 1523, 'At quod nesciunt culpa velit dignissimos ea. Libero ad autem quos et reiciendis in. Illum aliquid fugit ut a libero officiis. Est velit nostrum nisi autem veritatis.', '2017-06-03 21:23:36', '2017-06-03 21:23:36'),
(99, 'bags', 81, 3072, 'Nisi modi error reprehenderit dolor. Rerum quas ea minus iusto autem. Maiores soluta sequi voluptatibus nulla asperiores fugit sit.', '2017-06-03 21:23:36', '2017-06-03 21:23:36'),
(100, 'apparel', 3, 4739, 'Aut expedita ex officia est. Rerum corporis soluta dolor nulla voluptates assumenda. Et perferendis quasi facere tenetur recusandae aspernatur culpa.', '2017-06-03 21:23:36', '2017-06-03 21:23:36'),
(101, 'apparel', 62, 2384, 'Voluptatem amet tempora quia voluptate rerum. Accusamus esse nemo aspernatur assumenda occaecati.', '2017-06-03 21:23:36', '2017-06-03 21:23:36'),
(102, 'bags', 62, 2273, 'Molestiae sequi est voluptatem reprehenderit officiis ut. Atque voluptatem quae reprehenderit. Vel sapiente nam et qui dolores temporibus rerum.', '2017-06-03 21:23:36', '2017-06-03 21:23:36');

-- --------------------------------------------------------

--
-- Table structure for table `product_images`
--

CREATE TABLE `product_images` (
  `id` int(10) UNSIGNED NOT NULL,
  `product_id` int(10) UNSIGNED NOT NULL,
  `image` varchar(191) COLLATE utf8mb4_unicode_ci NOT NULL,
  `created_at` timestamp NULL DEFAULT NULL,
  `updated_at` timestamp NULL DEFAULT NULL
) ENGINE=InnoDB DEFAULT CHARSET=utf8mb4 COLLATE=utf8mb4_unicode_ci;

-- --------------------------------------------------------

--
-- Table structure for table `users`
--

CREATE TABLE `users` (
  `id` int(10) UNSIGNED NOT NULL,
  `name` varchar(191) COLLATE utf8mb4_unicode_ci NOT NULL,
  `email` varchar(191) COLLATE utf8mb4_unicode_ci NOT NULL,
  `password` varchar(191) COLLATE utf8mb4_unicode_ci NOT NULL,
  `remember_token` varchar(100) COLLATE utf8mb4_unicode_ci DEFAULT NULL,
  `created_at` timestamp NULL DEFAULT NULL,
  `updated_at` timestamp NULL DEFAULT NULL
) ENGINE=InnoDB DEFAULT CHARSET=utf8mb4 COLLATE=utf8mb4_unicode_ci;

--
-- Dumping data for table `users`
--

INSERT INTO `users` (`id`, `name`, `email`, `password`, `remember_token`, `created_at`, `updated_at`) VALUES
(1, 'Miss Kaycee Wyman II', 'nichole47@thompson.org', '$2y$10$Om3fIiabbUd4XBEemJ.XMOYRFhVn0q2vQJg0K43iwJuAk3RU3HFGu', NULL, '2017-06-03 21:09:13', '2017-06-03 21:09:13'),
(2, 'Trever Volkman PhD', 'kbeer@treutel.com', '$2y$10$iJVaUlgxyF901ljUipYjUe5jhrD7TE4tyCct1ANWdcvmOmmfPMYsm', NULL, '2017-06-03 21:09:30', '2017-06-03 21:09:30'),
(3, 'Mr. Lawrence Hansen', 'lubowitz.orville@yahoo.com', '$2y$10$uGvazaMXbNpca8lVN/61Oudo/xoISOFf1wwaqCUzDABt.QgVrKg7m', NULL, '2017-06-03 21:11:20', '2017-06-03 21:11:20'),
(4, 'Charley Raynor', 'kaleb49@corwin.com', '$2y$10$Mg6UPSsws3pq/PnVyhHKqexFSodOxHIDI7uOHdrYF6BQdBwi2jCbO', NULL, '2017-06-03 21:21:13', '2017-06-03 21:21:13'),
(5, 'Ms. Hattie Lubowitz PhD', 'raynor.delilah@hotmail.com', '$2y$10$AWa8sQ5y0e599b6rX1HmPOB3oLQWs7vJgGFS.aOxmFAefIe09iN62', NULL, '2017-06-03 21:21:23', '2017-06-03 21:21:23'),
(6, 'Baylee Nienow V', 'lavon.grady@hotmail.com', '$2y$10$NBFDMTTF5jOfsuuK7fOxrO3V8ogJlNyXiCq0NuNopGw.rJnmny9se', NULL, '2017-06-03 21:22:24', '2017-06-03 21:22:24'),
(7, 'Lilyan Koss', 'marvin.hayes@eichmann.net', '$2y$10$CFUeOSk7mdEmYTFyAMjZOuKmnWF..2NfVPlNRfcPIKIjjiRBBiqHu', NULL, '2017-06-03 21:22:24', '2017-06-03 21:22:24'),
(8, 'Mrs. Elenora Homenick', 'wlittle@cruickshank.com', '$2y$10$je8GbISs0RcWYLS1zR/ng.GUlwHgwX1c6.HADYeTvamBsq7QwC1ha', NULL, '2017-06-03 21:22:24', '2017-06-03 21:22:24'),
(9, 'Mertie King', 'gmosciski@gmail.com', '$2y$10$t9PL6cz2WkuqS9iU6xBUVu1oVqeTV5jy9H.tB7LyVOxbpVslQMNny', NULL, '2017-06-03 21:22:24', '2017-06-03 21:22:24'),
(10, 'Kathryne Jast', 'hyatt.laura@gmail.com', '$2y$10$TNbbCYm3eD13t6/DJ8ugMOhp2Hbz0T6YAfhAYBKwTIWNH63SR3GzO', NULL, '2017-06-03 21:22:25', '2017-06-03 21:22:25'),
(11, 'Allie Shanahan Sr.', 'mark62@barrows.com', '$2y$10$pDMRiNgbJi3dci0zKqdhS.GVIAXLcuVmsMOV6w1wXfOhz/Tc2AzqC', NULL, '2017-06-03 21:22:25', '2017-06-03 21:22:25'),
(12, 'John Brekke', 'rhammes@gmail.com', '$2y$10$WABILVhlALlpTwlGB6arpeJlfkRwuRshtcTkofH/pCc1/H/11.wvO', NULL, '2017-06-03 21:22:25', '2017-06-03 21:22:25'),
(13, 'Prof. Ralph Nader', 'kelli.heaney@powlowski.org', '$2y$10$NGMtRC4BocxXSmvZByQfMenB2HUZCNB/R9isqf9Zmr1GowdllvETK', NULL, '2017-06-03 21:22:25', '2017-06-03 21:22:25'),
(14, 'Juana Johns', 'kendrick14@hotmail.com', '$2y$10$FddjQ8GjewsfBa7YwEExPeR7XXm7ipgmcWczN627Z96ifEp32/1ke', NULL, '2017-06-03 21:22:25', '2017-06-03 21:22:25'),
(15, 'Madyson Renner', 'mnader@reynolds.com', '$2y$10$WYEFvilEs/hn6.hZ1MgQ2.JcCh7KZk9cHRF7TuSAZPea5oa93CgJK', NULL, '2017-06-03 21:22:26', '2017-06-03 21:22:26'),
(16, 'Miss Eileen Crona I', 'devante.paucek@goldner.com', '$2y$10$LOGC17i.mfSzO5ULRYjLs.pLWFgvBoNNGMQhbQ6qsHRfWjyEf/ZWu', NULL, '2017-06-03 21:22:26', '2017-06-03 21:22:26'),
(17, 'Estelle D\'Amore', 'bria78@yahoo.com', '$2y$10$H12Q6OBk0WCx1TfrjFZySOI8Caps9ZS3cXUnMcrc4D1tc2HEL7E7y', NULL, '2017-06-03 21:22:26', '2017-06-03 21:22:26'),
(18, 'Dr. Alexandria Koch I', 'tromp.dax@gaylord.net', '$2y$10$NUxWAV2twhhcwEo8JHHWLuqB0MICZxWYWVM.Cc.EB.V2aR8.AUhV6', NULL, '2017-06-03 21:22:26', '2017-06-03 21:22:26'),
(19, 'Madaline Medhurst', 'wolff.margaretta@botsford.com', '$2y$10$ae2ONC5ocz0UvnnKx1OIGu4rKsgoabYk5Al.pr/9PWNHG6lwRHHsS', NULL, '2017-06-03 21:22:26', '2017-06-03 21:22:26'),
(20, 'Eleazar Herman', 'lreinger@treutel.net', '$2y$10$jNorMu2QzP9U0.i/HP83b.zFtkqmweJp3XaiK7uZYK4Vz.5OsSbf2', NULL, '2017-06-03 21:22:27', '2017-06-03 21:22:27'),
(21, 'Kendrick Marks', 'gokeefe@yahoo.com', '$2y$10$5IzinbgBgzZkrzUwUSOL3.TM/vH2ZncqW14VidDgasls0fSBX2vsO', NULL, '2017-06-03 21:22:27', '2017-06-03 21:22:27'),
(22, 'Minnie Abshire', 'dconnelly@yahoo.com', '$2y$10$VQOi.WjmhsHfOyDs5xHzI.mlgYGoXtzyNTQqhh2Ah867fQGhqkvmi', NULL, '2017-06-03 21:22:27', '2017-06-03 21:22:27'),
(23, 'Mr. Van Schulist', 'roob.cleo@kub.net', '$2y$10$OIIDHd9m5hBPq5wEkcw4IuJQ9vliy4pwWXidGoAbd24qsIKGkv2lK', NULL, '2017-06-03 21:22:27', '2017-06-03 21:22:27'),
(24, 'Ms. Leda D\'Amore I', 'xgerlach@jerde.org', '$2y$10$71WG76nJfRMyB1XCLdZl0uZwB/nJgHJMyh7Nx/hxwwXhvwG3dpKoK', NULL, '2017-06-03 21:22:27', '2017-06-03 21:22:27'),
(25, 'Gabe Rempel', 'josianne.emmerich@breitenberg.biz', '$2y$10$PE8ELaR8L7O2Eu64ojmt0.wY17/AbMN6C4sz/6X7a3gX1KKsHzxe2', NULL, '2017-06-03 21:22:28', '2017-06-03 21:22:28'),
(26, 'Laverna Little', 'vswaniawski@ankunding.info', '$2y$10$kKDoSXIjM0DMz0uCYZPBme1bajyMwyKnA.4GKqgVzxd8r6w8t99La', NULL, '2017-06-03 21:22:28', '2017-06-03 21:22:28'),
(27, 'Kacie Hammes Sr.', 'zetta.ortiz@hotmail.com', '$2y$10$69Pxdy/Z7t8dPkEhguZAQeA1TrwXQB.nGI7ZNFJxhsAfyNGH84NG.', NULL, '2017-06-03 21:22:28', '2017-06-03 21:22:28'),
(28, 'Prof. Antonina Zemlak V', 'yabbott@yahoo.com', '$2y$10$McMYKVgCEkN8vJCLmIpdZuk9mzXMFFcBypRBB5yD4KU4nLfXZC0ui', NULL, '2017-06-03 21:22:28', '2017-06-03 21:22:28'),
(29, 'Mariah Sporer', 'conn.haskell@hotmail.com', '$2y$10$maYivvLJ.E3graVDQWcgmuYHxGALXMdvtg9tknAV/gFZFJK2Ne.rC', NULL, '2017-06-03 21:22:28', '2017-06-03 21:22:28'),
(30, 'Kylie Marvin', 'brunolfsson@lubowitz.org', '$2y$10$ieogNmhDKMyQbHJ.q7iFPOqt2enEqBzna/T.dUaBKmhFLmU8ZNP7q', NULL, '2017-06-03 21:22:28', '2017-06-03 21:22:28'),
(31, 'Liza Lueilwitz', 'wsmith@dicki.com', '$2y$10$wFUv3pKFLfUKIXMYx.70X.ohXi/H3U9T6/TTE1kenaovv7Q82ws4K', NULL, '2017-06-03 21:22:29', '2017-06-03 21:22:29'),
(32, 'Pauline Douglas', 'florencio85@smith.com', '$2y$10$0vZkIvVKCinNzvhrdgpXQ.rZZD3/cFyUvFqYKdUUkP3bt5RSTsQMu', NULL, '2017-06-03 21:22:29', '2017-06-03 21:22:29'),
(33, 'Lupe Hintz', 'bridget.hirthe@reichel.com', '$2y$10$KOHlpigwmPLSLW90Y65q/esyMPFewxHv957bJg5HldtrMr4gy7Cbq', NULL, '2017-06-03 21:22:29', '2017-06-03 21:22:29'),
(34, 'Mr. Danial Spinka', 'orval03@legros.com', '$2y$10$SmM1Uk054Fyn2y.2tZKoheDbMdnjBHwSKUx.rXsoisLeGx.W26aPa', NULL, '2017-06-03 21:22:29', '2017-06-03 21:22:29'),
(35, 'Erin Hoppe', 'sawayn.abbigail@barrows.org', '$2y$10$lD23Fq1GNSMnF2N3sHQYUuP3AQ9EjS/9lasn0Q5RfGA6Cv.0J81Z.', NULL, '2017-06-03 21:22:29', '2017-06-03 21:22:29'),
(36, 'Merlin Okuneva', 'darion.schamberger@harvey.com', '$2y$10$Pl3XTkYUabFFUDph1gdRs.qdISlKhU66jcNC1iWRHjx1nu9RD6FT2', NULL, '2017-06-03 21:22:29', '2017-06-03 21:22:29'),
(37, 'Don Murphy Jr.', 'lroberts@gmail.com', '$2y$10$2Gn0nhoWEWOB6BUvKWGyE.m2bUHAPlNe9KfMYOgpLLAxlu2lEw5qe', NULL, '2017-06-03 21:22:30', '2017-06-03 21:22:30'),
(38, 'Miss Chyna Kunde', 'eldridge34@volkman.com', '$2y$10$iBkl2pLnD7azYkpUKdOkOOTCpeoZsb0Qsdku4EdTTKKekAMyBUQcC', NULL, '2017-06-03 21:22:30', '2017-06-03 21:22:30'),
(39, 'Nathen Franecki', 'jleuschke@monahan.net', '$2y$10$plgm7S9m/aDAirIkST4o8edLpeggiHwUhqGoZcA0d3NOnnwOSZHuW', NULL, '2017-06-03 21:22:30', '2017-06-03 21:22:30'),
(40, 'Eldon Torphy', 'anahi.prohaska@yahoo.com', '$2y$10$0mU/xXLpawrH9xxvtYah1OT7ANGNsOGq/r2acbN6fa3z2PS8FGF4O', NULL, '2017-06-03 21:22:30', '2017-06-03 21:22:30'),
(41, 'Macey Beier', 'pouros.hazle@yahoo.com', '$2y$10$dYgcAVlGugeQ9MJk6cn9suNzDwjH2IpSwDR1nTcZ0x.iBXcF9asbe', NULL, '2017-06-03 21:22:31', '2017-06-03 21:22:31'),
(42, 'Teagan Goodwin', 'xbahringer@hotmail.com', '$2y$10$.IubazBkBVS1e65ljKNTgemtGed8fFpGrFeIQUebOiSUBOeJmLBsK', NULL, '2017-06-03 21:22:31', '2017-06-03 21:22:31'),
(43, 'Darrell Beahan DDS', 'gabernathy@smith.info', '$2y$10$T9jdf1uH7giyhbw.TE11W.bdl8cI6KJvoiK6HHT98qA0ZtGi3/33C', NULL, '2017-06-03 21:22:31', '2017-06-03 21:22:31'),
(44, 'Leif Romaguera', 'wilderman.reece@gmail.com', '$2y$10$.XOpfkTgAuh60iZ828zgo.NyBjeA1w8whLtLik3ivM8mHhaZPMGES', NULL, '2017-06-03 21:22:31', '2017-06-03 21:22:31'),
(45, 'Simone Lynch', 'cschroeder@yahoo.com', '$2y$10$fUrdhBD2vdzL9DK0VyPYzO7ZmEldxKRiDBd6oVVj.jjtwMGP5ggvC', NULL, '2017-06-03 21:22:32', '2017-06-03 21:22:32'),
(46, 'Mr. Tony Will DVM', 'durgan.aracely@gmail.com', '$2y$10$1Neg9jCVU4M5qgQIsB1mOuL/zRa7Gmbk9qupduJcQHP03GL1Axwjm', NULL, '2017-06-03 21:22:32', '2017-06-03 21:22:32'),
(47, 'Mr. Tatum Cummings', 'daniel.telly@mccullough.info', '$2y$10$tbf8D9vnXm8dZ5YYPdBAIO/CgeEWqStTLwsbX2en0PLSdJ0L3Y/my', NULL, '2017-06-03 21:22:32', '2017-06-03 21:22:32'),
(48, 'Flavie Kulas', 'granville31@hotmail.com', '$2y$10$ErqL1ECAGtn6rINErT05GOaYrvv9Jfx1EDvoXKuYLUn8fPlTIE9jS', NULL, '2017-06-03 21:22:32', '2017-06-03 21:22:32'),
(49, 'Prof. Karli Kerluke', 'hlang@jacobs.biz', '$2y$10$gDH.XMLybMLJQq4CFnEWv.npvCcc2ZeOPbmoSbwporl149v5DODOq', NULL, '2017-06-03 21:22:32', '2017-06-03 21:22:32'),
(50, 'Rudolph Nader', 'cathryn25@monahan.com', '$2y$10$2MYPjyD63ISCmibjTS2Xv.8Ktdi63B52EaXkhzyrmM4txoT5tZOvu', NULL, '2017-06-03 21:22:33', '2017-06-03 21:22:33'),
(51, 'Jordy McClure', 'weber.cali@wilkinson.com', '$2y$10$Fmt2QY.n9XfG/oIRNVAfM.JSH0w0b79mMR2M6ckz2ry3ycW3YWHC.', NULL, '2017-06-03 21:22:33', '2017-06-03 21:22:33'),
(52, 'Prof. Patrick Schimmel PhD', 'lonny29@yahoo.com', '$2y$10$41LJS3MfmeEKnWuOhP0aY.MMkZ.cvyLFDohy.MzH/E7Vz27KRtgY.', NULL, '2017-06-03 21:22:33', '2017-06-03 21:22:33'),
(53, 'Gregorio Aufderhar', 'jlindgren@gmail.com', '$2y$10$EfUxDM56TcKJoZUFyQ.Fy.ZJe6DdPfSKv2dJ91DJAZsXmlTzXhuY6', NULL, '2017-06-03 21:22:33', '2017-06-03 21:22:33'),
(54, 'Norberto Gislason', 'tate.rohan@funk.info', '$2y$10$S7Z6dKHnNPk2cmPD91X/IOQ5tghHUNJ0XufBHFcGMig3yDHOMC9zi', NULL, '2017-06-03 21:22:33', '2017-06-03 21:22:33'),
(55, 'Carolanne Spinka', 'simonis.oscar@gmail.com', '$2y$10$yKp4gCJVpfYMRKY45Nu8AOvuhV8L25VTM16GY8G3kTnvnTENLlWsK', NULL, '2017-06-03 21:22:34', '2017-06-03 21:22:34'),
(56, 'Monte Pacocha', 'bradtke.vicenta@wehner.com', '$2y$10$cGX9hCUUYwVzo2HbA9Mhye7Ckzdyec5Me0.9ekvyyP/SA0vfX0sGO', NULL, '2017-06-03 21:22:34', '2017-06-03 21:22:34'),
(57, 'Dr. Elmo Marquardt', 'janick.hansen@schmitt.org', '$2y$10$uSDwcSVv.a53Piqkalyk8OzDIlpq9cV3MgFz.zG97JIZLIwW9l6Yq', NULL, '2017-06-03 21:22:34', '2017-06-03 21:22:34'),
(58, 'Miss Maud Fay', 'trent.marvin@gmail.com', '$2y$10$bgb9iSuCmXNU4Zkdfy4f/exmYy.fz55TCjMtl0RhhYDNT/zrnsBnK', NULL, '2017-06-03 21:22:34', '2017-06-03 21:22:34'),
(59, 'Kamryn Homenick', 'lily93@gmail.com', '$2y$10$pd4hyQt/S2VGC9wjXcfanu9ZZ9axoe.bJoGYc01on6L8vSfVJNvvO', NULL, '2017-06-03 21:22:34', '2017-06-03 21:22:34'),
(60, 'Kane Dibbert', 'greenholt.daniela@yahoo.com', '$2y$10$pRmKgDYzTg43/EMHfeVS2.7ode6pB/HIL2cu.uw78rqydWMa4dxGW', NULL, '2017-06-03 21:22:35', '2017-06-03 21:22:35'),
(61, 'Francesca Hintz V', 'hagenes.amiya@yahoo.com', '$2y$10$/RaNu1YyTvKzUr/q1Jws6e7eHRACu2cSvzqn7VEbZVTZajicCbO1S', NULL, '2017-06-03 21:22:35', '2017-06-03 21:22:35'),
(62, 'Garnett Wiza', 'xkonopelski@funk.org', '$2y$10$rAakIoDtCithjdJsxqHpDOf9Ze7oICdRp7AYQyZ8FRglvVV0h6tBm', NULL, '2017-06-03 21:22:35', '2017-06-03 21:22:35'),
(63, 'Ryan Trantow', 'marvin.larson@gmail.com', '$2y$10$pFwplAXiTj6D6l3J8tPGW.4MrDVPk8/1/mheFx2BOiODB0FmlN9ia', NULL, '2017-06-03 21:22:35', '2017-06-03 21:22:35'),
(64, 'Merle Kautzer', 'veda88@gmail.com', '$2y$10$yy9hoX9TIMZwcV5WcKtHGu9PvgAW4caAqtERb7FIOR2ANoBkbuiam', NULL, '2017-06-03 21:22:36', '2017-06-03 21:22:36'),
(65, 'Maude Maggio IV', 'wallace.mosciski@abbott.biz', '$2y$10$yvqQV7FZI/B6VPeH/7IJTOJwHwK5mbdj6JKWWFi3eW42UP.75QLmG', NULL, '2017-06-03 21:22:36', '2017-06-03 21:22:36'),
(66, 'Odessa Wisozk', 'lbins@pfeffer.org', '$2y$10$r2UKY8MSwqkXF.E.OpXsGOZu43e59rw0hFn2.Yr65y0zuSYtQGxle', NULL, '2017-06-03 21:22:36', '2017-06-03 21:22:36'),
(67, 'Marina Adams', 'scormier@hotmail.com', '$2y$10$bMykn9byKm8.7wurB2H0aefoQ1n2kw4OxHW4a4cHIv4qy4Ff/Uudm', NULL, '2017-06-03 21:22:36', '2017-06-03 21:22:36'),
(68, 'Letha Cassin Jr.', 'konopelski.myron@hotmail.com', '$2y$10$Nlgp2f374tHO5KegHvtz/.tYuOoBvGz1hSeT./s/oVF4a6I/TFyYW', NULL, '2017-06-03 21:22:36', '2017-06-03 21:22:36'),
(69, 'Kenya Waelchi', 'gerlach.christina@yahoo.com', '$2y$10$Kas1Sqe8Yzu1vVHjvA6F9uhctzgTOz0g5IscTsR5hm3/B459mPlWe', NULL, '2017-06-03 21:22:37', '2017-06-03 21:22:37'),
(70, 'Prof. Tito Ondricka', 'newton77@gmail.com', '$2y$10$v.euOoIEV0b8WvlN8iwdQOAZmtqNxEKh3NyEruUUikYza3y1PnobW', NULL, '2017-06-03 21:22:37', '2017-06-03 21:22:37'),
(71, 'Lue Koelpin', 'sanford.vivienne@koss.com', '$2y$10$dBsTRwtuqrN1jpcB7WWSvutLos/TEyOlhRc3aPh/KgkGsjC6T7YZO', NULL, '2017-06-03 21:22:37', '2017-06-03 21:22:37'),
(72, 'Monica Gleichner', 'ervin87@mcglynn.com', '$2y$10$N.kGF1DjHfI5Du98afG44OxcMfo8D4AUX/13S56VC3IT10/d1y1vK', NULL, '2017-06-03 21:22:37', '2017-06-03 21:22:37'),
(73, 'Prof. Kamren Tremblay I', 'wmiller@friesen.biz', '$2y$10$huY06nR8JejOpBKL1vOZWeUgclAYQxQfnscHa8S5FTjLUED9/UzUG', NULL, '2017-06-03 21:22:37', '2017-06-03 21:22:37'),
(74, 'Betty Goldner', 'ziemann.jedidiah@yahoo.com', '$2y$10$wnvRFm0Mcenb2yxdVPFAQe9cjQwz8/bTiDgwq3kWnNQEu8JPVxMf6', NULL, '2017-06-03 21:22:38', '2017-06-03 21:22:38'),
(75, 'Aniya Ratke IV', 'marlin.rutherford@streich.com', '$2y$10$N3B6iQRRHg.kbX0zP89YGOd2yMRf65ejIq8pR/FJsL0Tfii0OS/eq', NULL, '2017-06-03 21:22:38', '2017-06-03 21:22:38'),
(76, 'Mr. Odell Mills', 'nwaelchi@hotmail.com', '$2y$10$T/jM5L.m7EhakArRKw/nUOsHLzoxiIdRFfcRcrKlj7aqbbl.gXRsm', NULL, '2017-06-03 21:22:38', '2017-06-03 21:22:38'),
(77, 'Sierra Hodkiewicz', 'gleason.randal@gmail.com', '$2y$10$ffSdhX1se83deeKMqob7ROMZWPecPQ9r8U4i5a0DAQRps1A/ElOz.', NULL, '2017-06-03 21:22:38', '2017-06-03 21:22:38'),
(78, 'Bailey Johnson', 'rita.windler@yahoo.com', '$2y$10$RtoDjoPSdfYP7q6wIqnT4OqHk2onhb7Bif./2JsaWvCkrN8zMajT6', NULL, '2017-06-03 21:22:38', '2017-06-03 21:22:38'),
(79, 'Miss Myrtis Maggio', 'hschmitt@hotmail.com', '$2y$10$PpBkLPwlKxNX3OCLz5VQdODS1P.iHozavJOnziAzh5Q54xz3So58u', NULL, '2017-06-03 21:22:39', '2017-06-03 21:22:39'),
(80, 'Prof. Irwin Bins III', 'layla.schowalter@hotmail.com', '$2y$10$4CqpozQJblPHHhiu1qSw6OyDZ1ohV/IR7UPGxH2tLrNZt/nCIqEA.', NULL, '2017-06-03 21:22:39', '2017-06-03 21:22:39'),
(81, 'Sandra Klocko', 'sister51@hackett.com', '$2y$10$t6R.CvR0/KJcPWeLP6vFDe7yHHLqV4R6D1iQJR6PIPKJknhtPaMTe', NULL, '2017-06-03 21:22:39', '2017-06-03 21:22:39'),
(82, 'Elliott Moen', 'ldavis@yahoo.com', '$2y$10$nfISpACwHyNmnGok3FP1FO31OhN0oRkfOBMGfSNEngsOQ6eZAJewG', NULL, '2017-06-03 21:22:39', '2017-06-03 21:22:39'),
(83, 'Oswaldo Mayer', 'alexandro.lubowitz@yahoo.com', '$2y$10$/cLvRI84VGdMQ.QwJalrf.IpJSJ4Ng.WiSg9KoJYZHRZfaULPHKOi', NULL, '2017-06-03 21:22:39', '2017-06-03 21:22:39'),
(84, 'Adolph Huels V', 'zprice@simonis.net', '$2y$10$xFIat7Z0EM1tdn.W4ODor.J.s.Z3n8lnCHUG/YyNz8MxJQcSPKIuy', NULL, '2017-06-03 21:22:40', '2017-06-03 21:22:40'),
(85, 'Dr. Danial Fritsch', 'clement.kozey@krajcik.info', '$2y$10$clcbsKZDQjCS3clFkPgZkecZALwWUcPLpZ9AnYCghp9ydqOcxbmfW', NULL, '2017-06-03 21:22:40', '2017-06-03 21:22:40'),
(86, 'Prof. Santina Bartell', 'zdare@considine.biz', '$2y$10$P9zH9TlsuSercn5N0UvDZeqlf4AR0LZ37yVWFWEvCXVy8Z7/Ra7T6', NULL, '2017-06-03 21:22:40', '2017-06-03 21:22:40'),
(87, 'Bradley Gutkowski', 'rowe.wellington@vandervort.net', '$2y$10$2NfylQ.xbPmr7f0ni65VKe63xsnOeWFBwlk3IYIxqMzn5LIhqan.C', NULL, '2017-06-03 21:22:40', '2017-06-03 21:22:40'),
(88, 'Connie Sauer', 'jewell.wolf@gmail.com', '$2y$10$B3YQO1lrJIb1Mb6OLZ5u2.WINvsAgpHXmnjhvWcixQY/6TigmJSSi', NULL, '2017-06-03 21:22:40', '2017-06-03 21:22:40'),
(89, 'Hazel Kris', 'marcia.sawayn@yahoo.com', '$2y$10$HlpnwmrBqHXkQr6HMYaAKOyhtvfmVAglHBj24r9on9uua.8hpQ0kC', NULL, '2017-06-03 21:22:41', '2017-06-03 21:22:41'),
(90, 'Brice Haley', 'ernser.anibal@batz.org', '$2y$10$b79.q1W0S4ZotRZrmB7YGuwGshGkuP3RqPiAL9NczYIVyHPyc8p32', NULL, '2017-06-03 21:22:41', '2017-06-03 21:22:41'),
(91, 'Mr. Gaston Schulist Sr.', 'jordane.west@wilkinson.com', '$2y$10$kb/pDeW0PEmvbQVesU206unXq6nx.Ag5DithIlJyyrhIeyti0DD4q', NULL, '2017-06-03 21:22:41', '2017-06-03 21:22:41'),
(92, 'Mr. Dusty Kling PhD', 'harmony43@gmail.com', '$2y$10$0iBQX76LEXMaJx.NopTOUOTyzTMga.n3bW4FOE1NbeOa0Rp7xq4FO', NULL, '2017-06-03 21:22:41', '2017-06-03 21:22:41'),
(93, 'Pauline O\'Conner', 'thora96@hotmail.com', '$2y$10$XCL5sSQ1ciPHMZbzVMudIO95P4NZdsPxeTm9L9PPjGwU4AmupvQDu', NULL, '2017-06-03 21:22:42', '2017-06-03 21:22:42'),
(94, 'Dr. Norbert Kohler DDS', 'wheidenreich@schamberger.com', '$2y$10$wmOLYQI4nJtWEj1eiqj2mOJudifPnUFBT9zwnnuQzR3fxCvQbl.Gm', NULL, '2017-06-03 21:22:42', '2017-06-03 21:22:42'),
(95, 'Prof. Stanford Blanda', 'tristian.stamm@yahoo.com', '$2y$10$/FgtwpGd6RrDBNvO/DKFvuw1hVkEjkxWpiD7I/rMktD6hq4MIywLe', NULL, '2017-06-03 21:22:42', '2017-06-03 21:22:42'),
(96, 'Dr. Jamarcus Lind III', 'leffertz@bartell.biz', '$2y$10$lJ7qQk2NYHC1McyghVDOzuke4mwunwBTeEjX5mX07BiH0ElhmX7d2', NULL, '2017-06-03 21:22:42', '2017-06-03 21:22:42'),
(97, 'Laurianne Kirlin III', 'willow.altenwerth@bradtke.com', '$2y$10$CdCRBDVu2K3sNNTQSMlLOere1H9DdDv.bY8PsuhTGoYj9hu7BK88u', NULL, '2017-06-03 21:22:42', '2017-06-03 21:22:42'),
(98, 'Horacio Balistreri', 'hermiston.garnett@reinger.com', '$2y$10$BA.sXRUT0vqFjtvEbSPtxeDGh9Dlhina8nhJg1B2Ny.qna884R9OS', NULL, '2017-06-03 21:22:43', '2017-06-03 21:22:43'),
(99, 'Reanna Mann', 'bleannon@gmail.com', '$2y$10$dvySwsV0g0qOQNM2sUEaheSTuKBMxCoshvClapPMtQP68mZqY/qX.', NULL, '2017-06-03 21:22:43', '2017-06-03 21:22:43'),
(100, 'Isabelle Howell', 'delia75@hotmail.com', '$2y$10$m0IJxIBBpS06FoE6C4vUoOfqa73qqtD/MVQUNtGMTfEcmES3yCGTa', NULL, '2017-06-03 21:22:43', '2017-06-03 21:22:43'),
(101, 'Mary Harber', 'gorczany.cristina@prohaska.com', '$2y$10$ejcFaAjJ3YXNwmka4K/9beFmxyhKrXobKm9YvwbYZT5ZwVen297Yi', NULL, '2017-06-03 21:22:43', '2017-06-03 21:22:43'),
(102, 'Prof. Jairo McKenzie DDS', 'ryder20@yahoo.com', '$2y$10$xyTW5Ww8rKbt6hP.G8w2ROwxZaj54mkasgQOkXKA9vZgV8ToQWz3m', NULL, '2017-06-03 21:22:43', '2017-06-03 21:22:43'),
(103, 'Keanu Gusikowski', 'nico.quitzon@senger.com', '$2y$10$XohysAJqke7ulTqExV5jGeTtLrnaD.TM90TyzBD.Gi41TCpoxEWlG', NULL, '2017-06-03 21:22:44', '2017-06-03 21:22:44'),
(104, 'Audra Considine', 'mraynor@greenholt.com', '$2y$10$faNQaQNh0vXlu8BwRz3uMOYpOBlhhKU8Lu79rmjkdCchf/sIHKFzS', NULL, '2017-06-03 21:22:44', '2017-06-03 21:22:44'),
(105, 'Dr. Malcolm Ziemann', 'bogisich.douglas@huel.net', '$2y$10$OXov7VOn/jONuMipuUvrfOGBXnUQpj6P3rgyEvQNvN7lQSNu.vWh2', NULL, '2017-06-03 21:22:44', '2017-06-03 21:22:44'),
(106, 'Zackary Senger', 'yasmin83@gmail.com', '$2y$10$uHjS5n82ZdBFkdyLRHOy7.0GjZdxaUstthsbs3KXWLV8.ryWVs1A6', NULL, '2017-06-03 21:22:44', '2017-06-03 21:22:44'),
(107, 'Jadon Bashirian', 'addison.cronin@gmail.com', '$2y$10$ZkEdTcbKGdnMJJQYijCmg.yejMX6cLBKKFZtaB8fLZ3209E9zjUzC', NULL, '2017-06-03 21:23:10', '2017-06-03 21:23:10'),
(108, 'Dr. Kamryn Murray', 'leffler.elwin@considine.net', '$2y$10$mKUXNNgBH07LydPxbz/DFen9EOiOrBMWgEsF7Mcxdsz0cAGrOjMlS', NULL, '2017-06-03 21:23:10', '2017-06-03 21:23:10'),
(109, 'Prof. Jamarcus Rau', 'maggio.cade@yahoo.com', '$2y$10$CYS.KTeskR6n88NL2nJOouM1adK8uSwrh9m6PpBJnSOTGpFqhsNBm', NULL, '2017-06-03 21:23:10', '2017-06-03 21:23:10'),
(110, 'Oswaldo Goodwin', 'frederic26@wunsch.com', '$2y$10$C9tuvfhUSJ4WgFUTV6QcbO8ZbVZRNX4diDW3whfG9zyf9wedRd4kO', NULL, '2017-06-03 21:23:10', '2017-06-03 21:23:10'),
(111, 'Korey Fay', 'virginia19@waters.com', '$2y$10$PF5qqVAFf4qsTeIeCKRX6eHXegRcoxuLYCe81tuyoqvxBkDUdCm9.', NULL, '2017-06-03 21:23:10', '2017-06-03 21:23:10'),
(112, 'Hayden Cruickshank', 'aweissnat@hotmail.com', '$2y$10$wo1grP03MXe9giQzyXFVme.wo8gGa1GimV7E7KcY695RGEYimK.vW', NULL, '2017-06-03 21:23:11', '2017-06-03 21:23:11'),
(113, 'Ms. Aubrey Powlowski IV', 'konopelski.laurie@rodriguez.com', '$2y$10$VgRSkfmm.x14rR7jDm0NiumRn4XyhQgfMZhNhUyZxON/f1/U2Ntqm', NULL, '2017-06-03 21:23:11', '2017-06-03 21:23:11'),
(114, 'Raina Waters', 'hane.althea@yahoo.com', '$2y$10$zzp7V.71joW0tNx/BZ2Gru/K6dYueFOF7mxE2DKTAWubADFHTTzzu', NULL, '2017-06-03 21:23:11', '2017-06-03 21:23:11'),
(115, 'Imogene Fahey', 'ondricka.magali@strosin.com', '$2y$10$oxoYnz39h7fERtYcM8ARNecgpDp5DMva0XKYR0l0.IxcxgmJu5AZS', NULL, '2017-06-03 21:23:11', '2017-06-03 21:23:11'),
(116, 'Ms. Mary Hayes III', 'harmony.torp@schiller.biz', '$2y$10$o4pzJOLn1/hfAXGRQ2PwU.38RxAMPpAkXTrFgYtodEslCTMVnhsL.', NULL, '2017-06-03 21:23:11', '2017-06-03 21:23:11'),
(117, 'Dr. Asia Gutkowski DDS', 'oswald90@schmitt.biz', '$2y$10$izlrbCn0ZvDqNbEfrYzN4exXxzgV.YCD0QsoZZq1byoXB7IeVbeZe', NULL, '2017-06-03 21:23:11', '2017-06-03 21:23:11'),
(118, 'Jeanne Kutch', 'ykirlin@yahoo.com', '$2y$10$R87/FhEjwTKbcAnaBKuUCOEPPCCzvEwcTWVgFeR73RisrX7vyma1u', NULL, '2017-06-03 21:23:12', '2017-06-03 21:23:12'),
(119, 'Modesto Goldner I', 'rashawn.smith@yahoo.com', '$2y$10$Qs/cuSJ9G9Q6qA5pufsV.Offb30w6mPDWqVnDK99sZQM6pAuFOAuC', NULL, '2017-06-03 21:23:12', '2017-06-03 21:23:12'),
(120, 'Susie Hegmann', 'toy68@heaney.com', '$2y$10$ADwBRJ486wdslge8L58HtewTW.D4GFYGiwa9yb7unHsdT2VmMAx/y', NULL, '2017-06-03 21:23:12', '2017-06-03 21:23:12'),
(121, 'Mr. Jamel Gislason', 'kub.nolan@hettinger.com', '$2y$10$gIiC3.8p3iSIECzP7wRbJ.wEmNC2K6kc./aLHHPEmi9o9llFPcNEy', NULL, '2017-06-03 21:23:12', '2017-06-03 21:23:12'),
(122, 'Camilla Leffler', 'nicola36@haley.com', '$2y$10$6pmhb/H/VhBqH6Qf0M11PuMPLReEwwkiFKXAQqlIhGku3564yCcoS', NULL, '2017-06-03 21:23:12', '2017-06-03 21:23:12'),
(123, 'Alana Dickens DVM', 'ryley.fritsch@yahoo.com', '$2y$10$IjIl8yxZoHPBPPMwSavu2OHx4c1zX3UylGv2nCbmM0TP7iZhKntdm', NULL, '2017-06-03 21:23:13', '2017-06-03 21:23:13'),
(124, 'Roberta Johnston', 'lindgren.roderick@gmail.com', '$2y$10$mvQ3SJ655nxWLPsw8VzXxuqCc2HrRnOodnaykeFZ4I7GgL2IeD4rW', NULL, '2017-06-03 21:23:13', '2017-06-03 21:23:13'),
(125, 'Sally Daugherty', 'gunner76@mills.com', '$2y$10$tMT/46XpNum7Bopsi.1pceHFSaApRjL56N5Np.ssGb7EQsMCLRfNO', NULL, '2017-06-03 21:23:13', '2017-06-03 21:23:13'),
(126, 'Mrs. Rhea Kerluke V', 'dino.mayer@gmail.com', '$2y$10$i7wRRQHQU2tYRfulTnYE1.Bh2CAYB6UqNKmWM6UPQEbohq2wme/GW', NULL, '2017-06-03 21:23:13', '2017-06-03 21:23:13'),
(127, 'Prof. Terence Dickens I', 'stan20@yahoo.com', '$2y$10$IYLzJ0j0ItfHY3GcaLcTB.LEbcsYelP25MgO1OebZJoVNApYi.uRa', NULL, '2017-06-03 21:23:13', '2017-06-03 21:23:13'),
(128, 'Florence Hammes', 'lavina66@gmail.com', '$2y$10$9T7WbWpS2EP7PghcHAp3Qegf5VKpZxtckfojOtiYGo6xfLgcRPO3W', NULL, '2017-06-03 21:23:14', '2017-06-03 21:23:14'),
(129, 'Mr. Johnathon Tromp', 'rvonrueden@gmail.com', '$2y$10$/xWOTwRgUK/0c7FqNuSmKuFiiGL4IO.f1gx6XlTqz0t4WNAYaWm.q', NULL, '2017-06-03 21:23:14', '2017-06-03 21:23:14'),
(130, 'Blaise Hayes', 'ibailey@hintz.com', '$2y$10$Wb2ki7uivT3kJ5nO.NF/DuKR1HUQegjIr4k26J/VbQG1bFo9XgNLC', NULL, '2017-06-03 21:23:14', '2017-06-03 21:23:14'),
(131, 'Lura Hirthe', 'brice64@hyatt.com', '$2y$10$bR8TtoIRrD5E36BXTK3mq.WaIj3ifnp75y0hP/Jyc0jKOYTaGGy6W', NULL, '2017-06-03 21:23:14', '2017-06-03 21:23:14'),
(132, 'Mrs. Fay Mueller', 'raina67@yahoo.com', '$2y$10$Yl6s0pzIX54qZjK4g1glgO2B9Pe77qJyjUjsMH6zghjaOwqgmq.Cm', NULL, '2017-06-03 21:23:14', '2017-06-03 21:23:14'),
(133, 'Dion Daniel I', 'ghahn@runolfsson.info', '$2y$10$E/2Uisv0Mr1nI0yzic2gwe.OhCBBjjH6d5zuvlZcH6br1.WdQaABO', NULL, '2017-06-03 21:23:15', '2017-06-03 21:23:15'),
(134, 'Sven Walter', 'marisa05@yahoo.com', '$2y$10$cuXenGESJyddNsbHizVQJebiO3FBYujP6XX4HcS8f/TGzkN0uCN06', NULL, '2017-06-03 21:23:15', '2017-06-03 21:23:15'),
(135, 'Lavada Buckridge Jr.', 'thalia.schulist@gmail.com', '$2y$10$lnEEt86LzvGTGu3QAhC8L.gJj5JesFnSCVQA11Y1XEzXRFUbqihkW', NULL, '2017-06-03 21:23:15', '2017-06-03 21:23:15'),
(136, 'Prof. Eleonore Little', 'delpha09@hotmail.com', '$2y$10$7seU4t5Sqm67ede8.SjeuuwvMJklAwD0aJ5BUL6ODT.VSR3/SGomy', NULL, '2017-06-03 21:23:15', '2017-06-03 21:23:15'),
(137, 'Stacy Boyle', 'ferry.sabrina@yahoo.com', '$2y$10$8PCPQd0xAK8vtAkg2cHuauY9/XPmji.86ACzcn1pZHsBlIO6gHkTS', NULL, '2017-06-03 21:23:15', '2017-06-03 21:23:15'),
(138, 'Miss Oleta Spinka V', 'breanne77@pfannerstill.com', '$2y$10$TGlREgS.xvA41qwZmmGygu5Ss9KDs6.k0KuCRD2HqsRrJkxzNr8/i', NULL, '2017-06-03 21:23:16', '2017-06-03 21:23:16'),
(139, 'Amelia Turcotte', 'joseph00@hotmail.com', '$2y$10$y0yAtEwpJ5CqSENXLo.TB.o5OZBQvtN1LX.VAX850rYSye4K9Vy..', NULL, '2017-06-03 21:23:16', '2017-06-03 21:23:16'),
(140, 'Clarabelle Rath', 'winifred.orn@hotmail.com', '$2y$10$Wq4JkFeImvRuiLW4m1VW7uQy4CrnqT4DmIdWlAcYIc9XbQb4PTpo6', NULL, '2017-06-03 21:23:16', '2017-06-03 21:23:16'),
(141, 'Mr. Anibal Kerluke DDS', 'okuneva.leo@senger.com', '$2y$10$27aojDQl3j/eAYL0AVwR7eWBpYDNLjOcrMjzwCIk/BeCz6rYVhfoG', NULL, '2017-06-03 21:23:16', '2017-06-03 21:23:16'),
(142, 'Amira Larkin I', 'wuckert.shaun@kris.org', '$2y$10$rxMoXAA5VKZ8kWa.RN5QG.a2/5CW9RIjQe0jgHmjYdBW9Irk7dRYS', NULL, '2017-06-03 21:23:16', '2017-06-03 21:23:16'),
(143, 'Jules Emard', 'schneider.leora@yahoo.com', '$2y$10$d3Fa5.f467oLqrW8f1SPie0DZdU9W4hGyz5qRQa1yN0B0h1K5wyb.', NULL, '2017-06-03 21:23:16', '2017-06-03 21:23:16'),
(144, 'Hazle Douglas', 'hand.art@gmail.com', '$2y$10$8m4QrV4m2Xqmuh43htpZuuD8DJWKwndn6qpBksbPVgQcONuSIzBJO', NULL, '2017-06-03 21:23:17', '2017-06-03 21:23:17'),
(145, 'Mason Stanton', 'gutkowski.joannie@yahoo.com', '$2y$10$3iJ4b.heYPCgCB1Nx0a0NOURd6i39WV4FfHA3CtG16gsX8HbpAhLi', NULL, '2017-06-03 21:23:17', '2017-06-03 21:23:17'),
(146, 'Dr. Alan Bergnaum', 'nelson13@zemlak.com', '$2y$10$mvFJZ0Khb043OXPCAiNdveYy/8nADMiYrcQZgvItvS4vwYTkATuzi', NULL, '2017-06-03 21:23:17', '2017-06-03 21:23:17'),
(147, 'Mrs. Vernie Koch II', 'oberbrunner.rogelio@gmail.com', '$2y$10$roAIzKx/Y6BuMZe.Hnw4.OZb0n4tGDD2Ab9DmuVYqKvL22/TRCLNC', NULL, '2017-06-03 21:23:17', '2017-06-03 21:23:17'),
(148, 'Marielle Hahn MD', 'dorthy.barton@yahoo.com', '$2y$10$Qt/AJDHnLgsj9YbtH9vOCONlb8UE2mCNQ85jBZg.fy3rb/4biGbCy', NULL, '2017-06-03 21:23:17', '2017-06-03 21:23:17'),
(149, 'Russell Harber', 'elisa.ondricka@gmail.com', '$2y$10$ddCvhKyc4awSa9M9QrYkleWQWuoR1RwSNkDI9GzvYkSHVcPSMonY6', NULL, '2017-06-03 21:23:18', '2017-06-03 21:23:18'),
(150, 'Fidel Nader', 'sblick@hotmail.com', '$2y$10$XC1RiP4DvZgqeTQRtgSaj.hGij/upDClNA.MuKo9/BpRpdoE9Bd9u', NULL, '2017-06-03 21:23:18', '2017-06-03 21:23:18'),
(151, 'Bernhard Beer', 'cierra.marvin@hotmail.com', '$2y$10$4Z89A5ofs1eZbNCM0ozBYeDmgpCmirh.kTGx.zKnehF2oOn4mS53G', NULL, '2017-06-03 21:23:18', '2017-06-03 21:23:18'),
(152, 'Kade McCullough', 'estefania03@green.com', '$2y$10$whkXt5wDxhUk3FVvTOZkFenk/.NE/IHb0LBwJ4bjy.lWGaD4Z7vzC', NULL, '2017-06-03 21:23:18', '2017-06-03 21:23:18'),
(153, 'Justice Bins', 'tomas.marquardt@altenwerth.biz', '$2y$10$64OC3Rl6nZla68Mxz8mBKeMomuK/lX9RZVjPsZiOXeFiHxL8W2w8e', NULL, '2017-06-03 21:23:18', '2017-06-03 21:23:18'),
(154, 'Prof. Ethel White IV', 'vonrueden.dina@gmail.com', '$2y$10$yfYXtfcFfPtEwhZSk4HfrO0D5sywwwODt/1gj5dLRn7avQfSm0a4q', NULL, '2017-06-03 21:23:19', '2017-06-03 21:23:19'),
(155, 'Ethel Hane', 'alyce32@hotmail.com', '$2y$10$x/NmSsv8plJorx0./TcDDuGPZe1yntPAQhO5Q9iZBiY7hyC8U9Lk2', NULL, '2017-06-03 21:23:19', '2017-06-03 21:23:19'),
(156, 'Destini Purdy', 'winston.nicolas@hotmail.com', '$2y$10$.4TDIDNpWRyYdiozkFEE/uWPqqKaf4KQpZ1.pfPukEp4eHaml025y', NULL, '2017-06-03 21:23:19', '2017-06-03 21:23:19'),
(157, 'Reed D\'Amore', 'eldridge12@yahoo.com', '$2y$10$.KYDY3Ms5taR6HRu3JA1y.MngjK32zrq/BEM/MqiRtE./5RI0s2UK', NULL, '2017-06-03 21:23:19', '2017-06-03 21:23:19'),
(158, 'Jasper Stoltenberg', 'vtromp@hotmail.com', '$2y$10$6z9bgYATVrrPjCw6tEUAle2YYSWqwKVT6R1vwPcQlYcWxNjAh.MNO', NULL, '2017-06-03 21:23:19', '2017-06-03 21:23:19'),
(159, 'Dr. June Mante', 'mayert.jessyca@yahoo.com', '$2y$10$/CLO1ESJRATESCtW6HwjjuuhmalSFbs3mTc42.BqIx9duuYL8ab0C', NULL, '2017-06-03 21:23:20', '2017-06-03 21:23:20'),
(160, 'Madyson Casper', 'natalie.douglas@gibson.biz', '$2y$10$5gA1xXC.aK8bvGwhlmRnFOS/QEt3hJMZXAS/QzRpXXqUvY/lDORqK', NULL, '2017-06-03 21:23:20', '2017-06-03 21:23:20'),
(161, 'Dr. Isaac Bins', 'kilback.mae@volkman.com', '$2y$10$MSu3GaU403zkmEcCm8Q5.eo.bQgTqdmXtTovZrsp4qTFMjXV.i5I.', NULL, '2017-06-03 21:23:20', '2017-06-03 21:23:20'),
(162, 'Eriberto Dietrich', 'torphy.hassan@gmail.com', '$2y$10$zVOXtUB5VO9s2aOgukZIT.wPnj2bF4V8g3sIrV1yPNulTECPrsZuW', NULL, '2017-06-03 21:23:20', '2017-06-03 21:23:20'),
(163, 'Elisha Kris', 'kkilback@yahoo.com', '$2y$10$6yAezuuuweujXgfm.mbLsuSYkI7odDzIPPb7y9lefe2/Ri31VMtj.', NULL, '2017-06-03 21:23:20', '2017-06-03 21:23:20'),
(164, 'Elissa Metz', 'altenwerth.eduardo@jast.com', '$2y$10$HYoUl11O1vS4kycVjb9L9ONJFBnsHXyfT8YwX47VnB7c78x3KohGy', NULL, '2017-06-03 21:23:21', '2017-06-03 21:23:21'),
(165, 'Mr. Columbus Bergnaum MD', 'kris.pansy@gmail.com', '$2y$10$uLaV6ybU7AyuvUpfVTPlMu2E8jvD9y/1iCkJfnqKCNWVeX3Sy5jwS', NULL, '2017-06-03 21:23:21', '2017-06-03 21:23:21'),
(166, 'Jeanne Ledner', 'jacobson.geraldine@yahoo.com', '$2y$10$ZARiyDOAlbml74K.mSTtZeoKTuf.Nj9UbECte1mAfSxPoV4bdfd22', NULL, '2017-06-03 21:23:21', '2017-06-03 21:23:21'),
(167, 'Delphia Goldner II', 'danial45@wehner.com', '$2y$10$QxvY/DZ98Nv1UGDdySzxse/7Uuehf7jZwtD.1phjky2YHyjE41zjW', NULL, '2017-06-03 21:23:21', '2017-06-03 21:23:21'),
(168, 'Elza Schinner Jr.', 'amosciski@hotmail.com', '$2y$10$qU4uoZnh7igfTHomEKJEiOR3rSdvzL75ZRh45XMXgnXx0A1cvvYna', NULL, '2017-06-03 21:23:21', '2017-06-03 21:23:21'),
(169, 'Prof. Ola Fahey DDS', 'edgar.turner@kessler.com', '$2y$10$njt4znGO5asGzG./ZaKY9eVsab/tLUzrKOZ2RXBphdnhtWTHb/R4a', NULL, '2017-06-03 21:23:22', '2017-06-03 21:23:22'),
(170, 'Otto McKenzie', 'paolo38@gerhold.com', '$2y$10$88JzF7zo1kKe7CPlg8wsXeVhXSWVYgSL8tQkPogI8zSdoUptxi6zq', NULL, '2017-06-03 21:23:22', '2017-06-03 21:23:22'),
(171, 'Deven Kirlin', 'qhalvorson@rolfson.com', '$2y$10$.itrbd7OPeRFHvDgkYMOHe1O6W4J/G0ydzNmrx2.0VcRNf9HoKVOO', NULL, '2017-06-03 21:23:22', '2017-06-03 21:23:22'),
(172, 'Dr. Cyril Bergnaum', 'jesus.greenholt@gmail.com', '$2y$10$anXvnthNW9Gw35HyC16neeuMHcd.y.ZJtKyxVK4PjFBmLPDOORnsa', NULL, '2017-06-03 21:23:22', '2017-06-03 21:23:22'),
(173, 'King Leuschke Sr.', 'ellsworth09@hotmail.com', '$2y$10$TrPrwvOhnyuGAQ3TN.jc8OR3Mn6w0pmK/0qAyvuopoTUPNufqNvtq', NULL, '2017-06-03 21:23:23', '2017-06-03 21:23:23'),
(174, 'Prof. Maximilian Heller', 'samir.hirthe@gmail.com', '$2y$10$nFlWlgylIcCmqWCfPk0joOVWcbyn3SCvxDTDgr.Sf9J/s7yjh8w8q', NULL, '2017-06-03 21:23:23', '2017-06-03 21:23:23'),
(175, 'Carolyne Carter', 'nikolaus.rita@gmail.com', '$2y$10$1k3mPbbE/ILuNac7qMHzS.F9RkWPA4lx7iSyCTb4gSTzSFPLo1/sS', NULL, '2017-06-03 21:23:23', '2017-06-03 21:23:23'),
(176, 'Tressie Jones', 'monte.schumm@gmail.com', '$2y$10$2y2iimPrNRHjK1QVUzsUIennl4UdHrhq.tk6/1KnpzldOFa6oEDTe', NULL, '2017-06-03 21:23:23', '2017-06-03 21:23:23'),
(177, 'Bill Berge', 'ipacocha@yahoo.com', '$2y$10$0I7Z83k57/NNbd0T12NpmOQKdUQjS96nHUKHvxcC3Rv7MdPLOzFYe', NULL, '2017-06-03 21:23:24', '2017-06-03 21:23:24'),
(178, 'Harrison Stokes II', 'hills.jon@gmail.com', '$2y$10$G6b.VJw1TN3vBPiIzuQghexthKt8U6rzN5HNU6Eq2CHJIJhYTbMAO', NULL, '2017-06-03 21:23:24', '2017-06-03 21:23:24'),
(179, 'Rosemary Bins', 'ray06@gmail.com', '$2y$10$OV9cWXiwR/G28Xs/wD1W7.eXG72Eaf6pmGEHIta7Iqc3kx9kY29wq', NULL, '2017-06-03 21:23:24', '2017-06-03 21:23:24'),
(180, 'Maximilian Kerluke DVM', 'makenna16@ritchie.com', '$2y$10$91xLGrIz7RvqxfIaAzKXJOx/c6MY933vJSBsGpo2DQsz2wVkXDage', NULL, '2017-06-03 21:23:25', '2017-06-03 21:23:25'),
(181, 'Miss Melba Zemlak', 'leonie90@schmeler.com', '$2y$10$AYPrhqyxRvapMZ1TJcOhzeBLVLHN/tcAj60eMq0cNf.6iDiG.IHZO', NULL, '2017-06-03 21:23:25', '2017-06-03 21:23:25'),
(182, 'Ayla Kuphal', 'lrice@gmail.com', '$2y$10$KTab/V9j8YWeo/QAkPCL..xIPb1WVglYjari3BSukteBZyXltlAYa', NULL, '2017-06-03 21:23:25', '2017-06-03 21:23:25'),
(183, 'Jamarcus Marquardt', 'beer.taurean@hotmail.com', '$2y$10$DEO1C.F0YVWmfvNaD4KSc.hZAvJCM9aHG7R59jRExUZItLeNuxIVi', NULL, '2017-06-03 21:23:25', '2017-06-03 21:23:25'),
(184, 'Mrs. Maritza Orn', 'lcassin@upton.com', '$2y$10$rC8iUBzDviIiZUvOFWnqRe6n8NlOOVB8phva1CFSzmAM1Q3L8P4vm', NULL, '2017-06-03 21:23:25', '2017-06-03 21:23:25'),
(185, 'Triston Ratke V', 'nakia.heaney@rempel.com', '$2y$10$lDqmu36q6DVITlbI9EC1QeYvEcz3GxTNw0CeSaEqfBD1uKRy/2/zG', NULL, '2017-06-03 21:23:26', '2017-06-03 21:23:26'),
(186, 'Nicole Waelchi', 'frederique.glover@yahoo.com', '$2y$10$eMyztyhCqyx68wEtzhw8i.10mrueb8vL.OzWeWwRnkLckHqOCbmnu', NULL, '2017-06-03 21:23:26', '2017-06-03 21:23:26'),
(187, 'Dr. Kailee Sawayn', 'carter.david@ratke.com', '$2y$10$.XZmewge3fCKcI2HJFXvROMtKNztFgWV9IkABWfCxJjc3RZzADqe.', NULL, '2017-06-03 21:23:26', '2017-06-03 21:23:26'),
(188, 'Alfredo Dietrich', 'dubuque.liza@oreilly.org', '$2y$10$ixYp6h2F3.tmuavUfhnAV.fsZCx/KRDvcLZUjdv6pm/B0mAJh.dYG', NULL, '2017-06-03 21:23:26', '2017-06-03 21:23:26'),
(189, 'Jeremie Wiegand', 'tsipes@gmail.com', '$2y$10$0MeJjX7AQhw3C35czopcnunBci6okD5bRygQgqyZiCCQhAzLRElKK', NULL, '2017-06-03 21:23:26', '2017-06-03 21:23:26'),
(190, 'Cali McGlynn', 'koelpin.kaya@yahoo.com', '$2y$10$PHUTSXoMI1xbCJmbE.sAYOYt3GTbitoh82Ta6vs1Y3olNwUTpDhfq', NULL, '2017-06-03 21:23:26', '2017-06-03 21:23:26'),
(191, 'Peyton Bruen', 'aylin.goldner@stracke.com', '$2y$10$PhkNeB2KM4rI3Jp.xpeO1.qq/4GFeDnSB8ts9HhrWagoMZr.DrbaO', NULL, '2017-06-03 21:23:27', '2017-06-03 21:23:27'),
(192, 'Shannon Howell', 'tyrese.klocko@mcclure.com', '$2y$10$H8BInPwiaQyLWetTKywdkOmR6HLuMet5Ihao2XXsOTp1FLIvVxKei', NULL, '2017-06-03 21:23:27', '2017-06-03 21:23:27'),
(193, 'Miss Piper Olson', 'hmcdermott@wilkinson.org', '$2y$10$D.cS4i59.L4vBBljmvcOWeSm7MOhI8cok.BQwBCnHdOy3Aiu0cPPC', NULL, '2017-06-03 21:23:27', '2017-06-03 21:23:27'),
(194, 'Marlon Hayes', 'tromp.stevie@lowe.com', '$2y$10$O/5XkYFa6bWJiWucpDIdA.b3FSeTBBpmMWqUfElBz5FWs2HbXgZB6', NULL, '2017-06-03 21:23:27', '2017-06-03 21:23:27'),
(195, 'Ms. Rubie Jacobs', 'darrion.frami@hotmail.com', '$2y$10$0yudJZSgtgysrsVx.DzzL./gi0X5ll9lKQTjCkVtGrk4P9QW/9laq', NULL, '2017-06-03 21:23:27', '2017-06-03 21:23:27'),
(196, 'Ford Pouros', 'oconnell.joyce@koelpin.biz', '$2y$10$hRF3hfY9xxAI2rARm49doOcgFGMy5I7thYxlwDca8TMfoN3kj1spW', NULL, '2017-06-03 21:23:28', '2017-06-03 21:23:28'),
(197, 'Isaiah Romaguera', 'reymundo36@gmail.com', '$2y$10$0EgBvCfJ0rrISF0PXux1n.0j.N7mADsmLCb4gOIhmUQVzrYeVP9fK', NULL, '2017-06-03 21:23:28', '2017-06-03 21:23:28'),
(198, 'Dr. Ed Paucek Sr.', 'stanton.tony@pouros.com', '$2y$10$r7nTIapozSqq1W/TVrYXrujBpUaj60bW.8MCH6o.h/Gma8XNAaDAG', NULL, '2017-06-03 21:23:28', '2017-06-03 21:23:28'),
(199, 'Sonya Murray', 'cummerata.sheldon@gmail.com', '$2y$10$MWRXyuQ.mWrk3qkUjlt.g.Mk4yd3ZsFu0cO7EA2FpAPG2LSbsY9W.', NULL, '2017-06-03 21:23:28', '2017-06-03 21:23:28'),
(200, 'Ms. Camylle Sanford DDS', 'saige66@leffler.com', '$2y$10$xBcnDunUCYblJ8j5QHSmuupWQkHB0VlT7Nmr31K8Oyat7Np/5yJfC', NULL, '2017-06-03 21:23:28', '2017-06-03 21:23:28'),
(201, 'Kali Legros', 'haylie.cummings@yahoo.com', '$2y$10$v/peipNdI0gQzB6uWcpR8.R41G2WfZ62ssWZk.C10DeIFsU/1n.0a', NULL, '2017-06-03 21:23:29', '2017-06-03 21:23:29'),
(202, 'Tracy Leannon', 'holden33@cruickshank.com', '$2y$10$px7J6LheBwqFohdYFVIhe.8z7b8aoU4y1NHH.LdHGq/FNUMuz0eEK', NULL, '2017-06-03 21:23:29', '2017-06-03 21:23:29'),
(203, 'Garnet Wisoky', 'qryan@tromp.net', '$2y$10$MdHcjGhAVT6/k9riN18xkuQ5V//QPS6N.kV4kqgiHnUsnxeNy2BEa', NULL, '2017-06-03 21:23:29', '2017-06-03 21:23:29'),
(204, 'Dr. Eveline Pagac Jr.', 'esta.schowalter@gmail.com', '$2y$10$3aEib0kOPOTgSQS/dg1/P.pn/xXe.IVGO2TZloj4m641TD1GTg3F6', NULL, '2017-06-03 21:23:29', '2017-06-03 21:23:29'),
(205, 'Demetrius Runolfsson', 'fanny40@gmail.com', '$2y$10$0HkI7.PCJzVNhHGEXrZ.3O3tAcPsUcPOKmDn.JSHL.PeZTBNF9Foe', NULL, '2017-06-03 21:23:29', '2017-06-03 21:23:29'),
(206, 'Aniyah McCullough', 'rory.runte@hotmail.com', '$2y$10$uj//WI84Wwbp/uH4.NpsXe/HaMi021mrcbpDAEwGxaZ4nZC4mWLoq', NULL, '2017-06-03 21:23:29', '2017-06-03 21:23:29'),
(207, 'Prof. Domingo Lesch', 'gbeatty@sipes.net', '$2y$10$qsnmyHsRRN543aczoMyrr.R1LlD/kXBNx3LXz5Xc6GF8DfZZVlKK.', NULL, '2017-06-03 21:23:30', '2017-06-03 21:23:30'),
(208, 'Julie Runte', 'clueilwitz@wolf.info', '$2y$10$JhhmKGt9j6Adry9IgLh/Mu03tqAvIXcVt9OfOG/tBTG/ZTVtEcT4y', NULL, '2017-06-03 21:24:42', '2017-06-03 21:24:42'),
(209, 'Mrs. Josefina Morar', 'lowell.bogan@deckow.com', '$2y$10$Zl.x9TGU/YY.cV22Wflk5.2nUBZkFxL/wVKB9q2jFIpUEePQIViiG', NULL, '2017-06-03 21:24:43', '2017-06-03 21:24:43'),
(210, 'Eino Hansen', 'arvilla83@ebert.biz', '$2y$10$js3Yrh/uKZW9.Mgn.WXo.OQgtFtt8U8bkO7m0mQHNEz3ZhR18vz1C', NULL, '2017-06-03 21:24:43', '2017-06-03 21:24:43'),
(211, 'Lawson Erdman', 'gene.smitham@gmail.com', '$2y$10$d.Q8n1x7mvhmVANFSBqc/u/BXERuUgWxyhL5H97Ij8sjn7ZoLyBAG', NULL, '2017-06-03 21:24:43', '2017-06-03 21:24:43'),
(212, 'Dr. Corene Christiansen', 'hahn.freda@altenwerth.com', '$2y$10$XyLepbRisXY7Xvpfin6yi.YgERCuUIQG3N/GCA7kUovusdbyTzYhq', NULL, '2017-06-03 21:24:43', '2017-06-03 21:24:43'),
(213, 'Prof. Minnie Koelpin DVM', 'arturo30@gmail.com', '$2y$10$c.Y226TKz8FKPyNjXFcxTeMYaOU9SdxAkM3EAbpBsC0j0KeNluvz.', NULL, '2017-06-03 21:24:43', '2017-06-03 21:24:43'),
(214, 'Virginie Effertz', 'chyna83@gmail.com', '$2y$10$WzwPEumLQQCWSFZu3FdepO6rJ3tiWwxn9M7AFot7CKeO/opk0Uy.e', NULL, '2017-06-03 21:24:43', '2017-06-03 21:24:43'),
(215, 'Herminio Pfannerstill PhD', 'slehner@erdman.com', '$2y$10$6rNScCWIZqEoMiY3otUZcODiPSjh2y50O7DeMj8f3F1xvBtDOdTnm', NULL, '2017-06-03 21:24:44', '2017-06-03 21:24:44'),
(216, 'Mr. Drake Kozey I', 'colleen.howe@yahoo.com', '$2y$10$Z.aNVSj52F/5kRkW4/OXNuRBFc4BO8suTc9JOM1B7JbcWEaKFElEK', NULL, '2017-06-03 21:24:44', '2017-06-03 21:24:44');

-- --------------------------------------------------------

--
-- Table structure for table `user_profiles`
--

CREATE TABLE `user_profiles` (
  `id` int(10) UNSIGNED NOT NULL,
  `user_id` int(10) UNSIGNED NOT NULL,
  `first_name` varchar(191) COLLATE utf8mb4_unicode_ci NOT NULL,
  `last_name` varchar(191) COLLATE utf8mb4_unicode_ci NOT NULL,
  `avatar` varchar(191) COLLATE utf8mb4_unicode_ci NOT NULL,
  `created_at` timestamp NULL DEFAULT NULL,
  `updated_at` timestamp NULL DEFAULT NULL
) ENGINE=InnoDB DEFAULT CHARSET=utf8mb4 COLLATE=utf8mb4_unicode_ci;

--
-- Indexes for dumped tables
--

--
-- Indexes for table `migrations`
--
ALTER TABLE `migrations`
  ADD PRIMARY KEY (`id`);

--
-- Indexes for table `password_resets`
--
ALTER TABLE `password_resets`
  ADD KEY `password_resets_email_index` (`email`);

--
-- Indexes for table `products`
--
ALTER TABLE `products`
  ADD PRIMARY KEY (`id`);

--
-- Indexes for table `product_images`
--
ALTER TABLE `product_images`
  ADD PRIMARY KEY (`id`);

--
-- Indexes for table `users`
--
ALTER TABLE `users`
  ADD PRIMARY KEY (`id`),
  ADD UNIQUE KEY `users_email_unique` (`email`);

--
-- Indexes for table `user_profiles`
--
ALTER TABLE `user_profiles`
  ADD PRIMARY KEY (`id`);

--
-- AUTO_INCREMENT for dumped tables
--

--
-- AUTO_INCREMENT for table `migrations`
--
ALTER TABLE `migrations`
  MODIFY `id` int(10) UNSIGNED NOT NULL AUTO_INCREMENT, AUTO_INCREMENT=6;
--
-- AUTO_INCREMENT for table `products`
--
ALTER TABLE `products`
  MODIFY `id` int(10) UNSIGNED NOT NULL AUTO_INCREMENT, AUTO_INCREMENT=103;
--
-- AUTO_INCREMENT for table `product_images`
--
ALTER TABLE `product_images`
  MODIFY `id` int(10) UNSIGNED NOT NULL AUTO_INCREMENT;
--
-- AUTO_INCREMENT for table `users`
--
ALTER TABLE `users`
  MODIFY `id` int(10) UNSIGNED NOT NULL AUTO_INCREMENT, AUTO_INCREMENT=217;
--
-- AUTO_INCREMENT for table `user_profiles`
--
ALTER TABLE `user_profiles`
  MODIFY `id` int(10) UNSIGNED NOT NULL AUTO_INCREMENT;
/*!40101 SET CHARACTER_SET_CLIENT=@OLD_CHARACTER_SET_CLIENT */;
/*!40101 SET CHARACTER_SET_RESULTS=@OLD_CHARACTER_SET_RESULTS */;
/*!40101 SET COLLATION_CONNECTION=@OLD_COLLATION_CONNECTION */;
